URL,Loader,05/01/2023 16:41:26
play.pokehub.org,Forge,0
play.mythicalnetwork.com,Forge,0
play.cobblemondelta.com,Fabric,0
purple.roanoke.network,Fabric,0
cobblemon.roanoke.network,Fabric,0
play.cobblemonjourney.com,Fabric,0
play.milkymon.eu,Fabric,0
play.harmony.pm,Forge,0
cobble.pokeclash.com,Forge,0
play.unovalegends.net,Fabric,0
DynastyMC.org,Fabric,0
cobbled.projectazoth.net,Fabric,0
play.pokecubed.com,Fabric,0
pokekingdoms.apexmc.co,Fabric,0
play.forgottencraft.net,Fabric,0
pbg.modded.fun,Forge,0
PokeGlade.modded.fun,Fabric,0
pokemaniacs.ddns.net,Forge,0
51.81.171.173:25615,Forge,0
54.39.90.208:25588,Fabric,0
play.cryomc.com,Fabric,0
play.cobblemonoasis.com,Fabric,0
cobblemon.phoenixblazing.org,Fabric,0
poke.mylonamc.net:25566,Forge,0
play.novamon.net,Fabric,0
pokecraftadventures.duckdns.org,Fabric,0
66.70.164.179:25597,Forge,0
199.127.62.182:25587,Fabric,0
Anarchymon.xyz,Fabric,0
173.0.151.172:25575,Forge,0
play.cobblezone.com,Forge,0
play.crystal-craft.com,Fabric,0
155.94.252.122:25565,Forge,0
149.56.9.122:25565,Fabric,0
inariorigins.mcserver.us,Fabric,0
play.pokerealms.org,Forge,0
Shadomon.ploudos.me,Fabric,0
135.148.168.83,Fabric,0
173.0.151.36,Forge,0
play.bettercobble.co,Forge,0
bronzeandcoal.aternos.me,Fabric,0
play.theminelabs.com,Forge,0
MyCubemon.aternos.me,Fabric,0
blahajsmp.mcserver.us,Fabric,0
sanctuarygaming.gg,Fabric,0
